20,55,5MWrPgbg4uJaaP1xX4pTxxg1jZ8=,GGdeELp7i6KbZVTtgrJq3lqkiRU=
16,53,5MWrPgbg4uJaaP1xX4pTxxg1jZ8=,GGdeELp7i6KbZVTtgrJq3lqkiRU=
17,53,5MWrPgbg4uJaaP1xX4pTxxg1jZ8=,GGdeELp7i6KbZVTtgrJq3lqkiRU=
21,54,5MWrPgbg4uJaaP1xX4pTxxg1jZ8=,GGdeELp7i6KbZVTtgrJq3lqkiRU=
21,53,5MWrPgbg4uJaaP1xX4pTxxg1jZ8=,GGdeELp7i6KbZVTtgrJq3lqkiRU=
20,53,5MWrPgbg4uJaaP1xX4pTxxg1jZ8=,GGdeELp7i6KbZVTtgrJq3lqkiRU=
20,54,5MWrPgbg4uJaaP1xX4pTxxg1jZ8=,GGdeELp7i6KbZVTtgrJq3lqkiRU=
19,55,5MWrPgbg4uJaaP1xX4pTxxg1jZ8=,GGdeELp7i6KbZVTtgrJq3lqkiRU=
19,48,5MWrPgbg4uJaaP1xX4pTxxg1jZ8=,GGdeELp7i6KbZVTtgrJq3lqkiRU=
19,53,5MWrPgbg4uJaaP1xX4pTxxg1jZ8=,GGdeELp7i6KbZVTtgrJq3lqkiRU=
18,48,5MWrPgbg4uJaaP1xX4pTxxg1jZ8=,GGdeELp7i6KbZVTtgrJq3lqkiRU=
18,55,5MWrPgbg4uJaaP1xX4pTxxg1jZ8=,GGdeELp7i6KbZVTtgrJq3lqkiRU=
19,54,5MWrPgbg4uJaaP1xX4pTxxg1jZ8=,GGdeELp7i6KbZVTtgrJq3lqkiRU=
19,51,5MWrPgbg4uJaaP1xX4pTxxg1jZ8=,GGdeELp7i6KbZVTtgrJq3lqkiRU=
17,52,5MWrPgbg4uJaaP1xX4pTxxg1jZ8=,GGdeELp7i6KbZVTtgrJq3lqkiRU=
17,55,5MWrPgbg4uJaaP1xX4pTxxg1jZ8=,GGdeELp7i6KbZVTtgrJq3lqkiRU=
16,55,5MWrPgbg4uJaaP1xX4pTxxg1jZ8=,GGdeELp7i6KbZVTtgrJq3lqkiRU=
18,51,5MWrPgbg4uJaaP1xX4pTxxg1jZ8=,GGdeELp7i6KbZVTtgrJq3lqkiRU=
22,52,5MWrPgbg4uJaaP1xX4pTxxg1jZ8=,GGdeELp7i6KbZVTtgrJq3lqkiRU=
16,52,5MWrPgbg4uJaaP1xX4pTxxg1jZ8=,GGdeELp7i6KbZVTtgrJq3lqkiRU=
18,54,5MWrPgbg4uJaaP1xX4pTxxg1jZ8=,GGdeELp7i6KbZVTtgrJq3lqkiRU=
17,51,5MWrPgbg4uJaaP1xX4pTxxg1jZ8=,GGdeELp7i6KbZVTtgrJq3lqkiRU=
22,51,5MWrPgbg4uJaaP1xX4pTxxg1jZ8=,GGdeELp7i6KbZVTtgrJq3lqkiRU=
16,51,5MWrPgbg4uJaaP1xX4pTxxg1jZ8=,GGdeELp7i6KbZVTtgrJq3lqkiRU=
16,48,5MWrPgbg4uJaaP1xX4pTxxg1jZ8=,GGdeELp7i6KbZVTtgrJq3lqkiRU=
19,49,5MWrPgbg4uJaaP1xX4pTxxg1jZ8=,GGdeELp7i6KbZVTtgrJq3lqkiRU=
18,49,5MWrPgbg4uJaaP1xX4pTxxg1jZ8=,GGdeELp7i6KbZVTtgrJq3lqkiRU=
17,49,5MWrPgbg4uJaaP1xX4pTxxg1jZ8=,GGdeELp7i6KbZVTtgrJq3lqkiRU=
16,49,5MWrPgbg4uJaaP1xX4pTxxg1jZ8=,GGdeELp7i6KbZVTtgrJq3lqkiRU=
22,48,5MWrPgbg4uJaaP1xX4pTxxg1jZ8=,GGdeELp7i6KbZVTtgrJq3lqkiRU=
21,48,5MWrPgbg4uJaaP1xX4pTxxg1jZ8=,GGdeELp7i6KbZVTtgrJq3lqkiRU=
20,48,5MWrPgbg4uJaaP1xX4pTxxg1jZ8=,GGdeELp7i6KbZVTtgrJq3lqkiRU=
17,48,5MWrPgbg4uJaaP1xX4pTxxg1jZ8=,GGdeELp7i6KbZVTtgrJq3lqkiRU=
19,50,5MWrPgbg4uJaaP1xX4pTxxg1jZ8=,GGdeELp7i6KbZVTtgrJq3lqkiRU=
21,51,5MWrPgbg4uJaaP1xX4pTxxg1jZ8=,GGdeELp7i6KbZVTtgrJq3lqkiRU=
21,52,5MWrPgbg4uJaaP1xX4pTxxg1jZ8=,GGdeELp7i6KbZVTtgrJq3lqkiRU=
18,50,5MWrPgbg4uJaaP1xX4pTxxg1jZ8=,GGdeELp7i6KbZVTtgrJq3lqkiRU=
17,50,5MWrPgbg4uJaaP1xX4pTxxg1jZ8=,GGdeELp7i6KbZVTtgrJq3lqkiRU=
22,50,5MWrPgbg4uJaaP1xX4pTxxg1jZ8=,GGdeELp7i6KbZVTtgrJq3lqkiRU=
16,50,5MWrPgbg4uJaaP1xX4pTxxg1jZ8=,GGdeELp7i6KbZVTtgrJq3lqkiRU=
22,49,5MWrPgbg4uJaaP1xX4pTxxg1jZ8=,GGdeELp7i6KbZVTtgrJq3lqkiRU=
21,49,5MWrPgbg4uJaaP1xX4pTxxg1jZ8=,GGdeELp7i6KbZVTtgrJq3lqkiRU=
17,54,5MWrPgbg4uJaaP1xX4pTxxg1jZ8=,GGdeELp7i6KbZVTtgrJq3lqkiRU=
21,50,5MWrPgbg4uJaaP1xX4pTxxg1jZ8=,GGdeELp7i6KbZVTtgrJq3lqkiRU=
20,52,5MWrPgbg4uJaaP1xX4pTxxg1jZ8=,GGdeELp7i6KbZVTtgrJq3lqkiRU=
16,54,5MWrPgbg4uJaaP1xX4pTxxg1jZ8=,GGdeELp7i6KbZVTtgrJq3lqkiRU=
19,52,5MWrPgbg4uJaaP1xX4pTxxg1jZ8=,GGdeELp7i6KbZVTtgrJq3lqkiRU=
22,54,5MWrPgbg4uJaaP1xX4pTxxg1jZ8=,GGdeELp7i6KbZVTtgrJq3lqkiRU=
20,50,5MWrPgbg4uJaaP1xX4pTxxg1jZ8=,GGdeELp7i6KbZVTtgrJq3lqkiRU=
18,52,5MWrPgbg4uJaaP1xX4pTxxg1jZ8=,GGdeELp7i6KbZVTtgrJq3lqkiRU=
22,53,5MWrPgbg4uJaaP1xX4pTxxg1jZ8=,GGdeELp7i6KbZVTtgrJq3lqkiRU=
20,49,5MWrPgbg4uJaaP1xX4pTxxg1jZ8=,GGdeELp7i6KbZVTtgrJq3lqkiRU=
22,55,5MWrPgbg4uJaaP1xX4pTxxg1jZ8=,GGdeELp7i6KbZVTtgrJq3lqkiRU=
20,51,5MWrPgbg4uJaaP1xX4pTxxg1jZ8=,GGdeELp7i6KbZVTtgrJq3lqkiRU=
21,55,5MWrPgbg4uJaaP1xX4pTxxg1jZ8=,GGdeELp7i6KbZVTtgrJq3lqkiRU=
18,53,5MWrPgbg4uJaaP1xX4pTxxg1jZ8=,GGdeELp7i6KbZVTtgrJq3lqkiRU=
28,55,5MWrPgbg4uJaaP1xX4pTxxg1jZ8=,jg9hQcEClY4UjInRO+9AmcZb8Gg=
27,55,5MWrPgbg4uJaaP1xX4pTxxg1jZ8=,jg9hQcEClY4UjInRO+9AmcZb8Gg=
25,55,5MWrPgbg4uJaaP1xX4pTxxg1jZ8=,jg9hQcEClY4UjInRO+9AmcZb8Gg=
26,55,5MWrPgbg4uJaaP1xX4pTxxg1jZ8=,jg9hQcEClY4UjInRO+9AmcZb8Gg=
31,54,5MWrPgbg4uJaaP1xX4pTxxg1jZ8=,jg9hQcEClY4UjInRO+9AmcZb8Gg=
29,54,5MWrPgbg4uJaaP1xX4pTxxg1jZ8=,jg9hQcEClY4UjInRO+9AmcZb8Gg=
30,54,5MWrPgbg4uJaaP1xX4pTxxg1jZ8=,jg9hQcEClY4UjInRO+9AmcZb8Gg=
24,55,5MWrPgbg4uJaaP1xX4pTxxg1jZ8=,jg9hQcEClY4UjInRO+9AmcZb8Gg=
28,54,5MWrPgbg4uJaaP1xX4pTxxg1jZ8=,jg9hQcEClY4UjInRO+9AmcZb8Gg=
26,54,5MWrPgbg4uJaaP1xX4pTxxg1jZ8=,jg9hQcEClY4UjInRO+9AmcZb8Gg=
27,54,5MWrPgbg4uJaaP1xX4pTxxg1jZ8=,jg9hQcEClY4UjInRO+9AmcZb8Gg=
25,54,5MWrPgbg4uJaaP1xX4pTxxg1jZ8=,jg9hQcEClY4UjInRO+9AmcZb8Gg=
24,54,5MWrPgbg4uJaaP1xX4pTxxg1jZ8=,jg9hQcEClY4UjInRO+9AmcZb8Gg=
31,53,5MWrPgbg4uJaaP1xX4pTxxg1jZ8=,jg9hQcEClY4UjInRO+9AmcZb8Gg=
30,53,5MWrPgbg4uJaaP1xX4pTxxg1jZ8=,jg9hQcEClY4UjInRO+9AmcZb8Gg=
29,53,5MWrPgbg4uJaaP1xX4pTxxg1jZ8=,jg9hQcEClY4UjInRO+9AmcZb8Gg=
28,53,5MWrPgbg4uJaaP1xX4pTxxg1jZ8=,jg9hQcEClY4UjInRO+9AmcZb8Gg=
23,52,5MWrPgbg4uJaaP1xX4pTxxg1jZ8=,GGdeELp7i6KbZVTtgrJq3lqkiRU=
26,53,5MWrPgbg4uJaaP1xX4pTxxg1jZ8=,jg9hQcEClY4UjInRO+9AmcZb8Gg=
25,53,5MWrPgbg4uJaaP1xX4pTxxg1jZ8=,jg9hQcEClY4UjInRO+9AmcZb8Gg=
27,53,5MWrPgbg4uJaaP1xX4pTxxg1jZ8=,jg9hQcEClY4UjInRO+9AmcZb8Gg=
24,53,5MWrPgbg4uJaaP1xX4pTxxg1jZ8=,jg9hQcEClY4UjInRO+9AmcZb8Gg=
31,52,5MWrPgbg4uJaaP1xX4pTxxg1jZ8=,jg9hQcEClY4UjInRO+9AmcZb8Gg=
30,52,5MWrPgbg4uJaaP1xX4pTxxg1jZ8=,jg9hQcEClY4UjInRO+9AmcZb8Gg=
29,52,5MWrPgbg4uJaaP1xX4pTxxg1jZ8=,jg9hQcEClY4UjInRO+9AmcZb8Gg=
28,52,5MWrPgbg4uJaaP1xX4pTxxg1jZ8=,jg9hQcEClY4UjInRO+9AmcZb8Gg=
26,52,5MWrPgbg4uJaaP1xX4pTxxg1jZ8=,jg9hQcEClY4UjInRO+9AmcZb8Gg=
27,52,5MWrPgbg4uJaaP1xX4pTxxg1jZ8=,jg9hQcEClY4UjInRO+9AmcZb8Gg=
24,52,5MWrPgbg4uJaaP1xX4pTxxg1jZ8=,jg9hQcEClY4UjInRO+9AmcZb8Gg=
25,52,5MWrPgbg4uJaaP1xX4pTxxg1jZ8=,jg9hQcEClY4UjInRO+9AmcZb8Gg=
23,51,5MWrPgbg4uJaaP1xX4pTxxg1jZ8=,GGdeELp7i6KbZVTtgrJq3lqkiRU=
29,51,5MWrPgbg4uJaaP1xX4pTxxg1jZ8=,jg9hQcEClY4UjInRO+9AmcZb8Gg=
30,51,5MWrPgbg4uJaaP1xX4pTxxg1jZ8=,jg9hQcEClY4UjInRO+9AmcZb8Gg=
28,51,5MWrPgbg4uJaaP1xX4pTxxg1jZ8=,jg9hQcEClY4UjInRO+9AmcZb8Gg=
27,51,5MWrPgbg4uJaaP1xX4pTxxg1jZ8=,jg9hQcEClY4UjInRO+9AmcZb8Gg=
26,51,5MWrPgbg4uJaaP1xX4pTxxg1jZ8=,jg9hQcEClY4UjInRO+9AmcZb8Gg=
25,51,5MWrPgbg4uJaaP1xX4pTxxg1jZ8=,jg9hQcEClY4UjInRO+9AmcZb8Gg=
23,50,5MWrPgbg4uJaaP1xX4pTxxg1jZ8=,GGdeELp7i6KbZVTtgrJq3lqkiRU=
24,51,5MWrPgbg4uJaaP1xX4pTxxg1jZ8=,jg9hQcEClY4UjInRO+9AmcZb8Gg=
29,50,5MWrPgbg4uJaaP1xX4pTxxg1jZ8=,jg9hQcEClY4UjInRO+9AmcZb8Gg=
28,50,5MWrPgbg4uJaaP1xX4pTxxg1jZ8=,jg9hQcEClY4UjInRO+9AmcZb8Gg=
27,50,5MWrPgbg4uJaaP1xX4pTxxg1jZ8=,jg9hQcEClY4UjInRO+9AmcZb8Gg=
25,50,5MWrPgbg4uJaaP1xX4pTxxg1jZ8=,jg9hQcEClY4UjInRO+9AmcZb8Gg=
26,50,5MWrPgbg4uJaaP1xX4pTxxg1jZ8=,jg9hQcEClY4UjInRO+9AmcZb8Gg=
24,50,5MWrPgbg4uJaaP1xX4pTxxg1jZ8=,jg9hQcEClY4UjInRO+9AmcZb8Gg=
23,49,5MWrPgbg4uJaaP1xX4pTxxg1jZ8=,GGdeELp7i6KbZVTtgrJq3lqkiRU=
30,50,5MWrPgbg4uJaaP1xX4pTxxg1jZ8=,jg9hQcEClY4UjInRO+9AmcZb8Gg=
30,49,5MWrPgbg4uJaaP1xX4pTxxg1jZ8=,jg9hQcEClY4UjInRO+9AmcZb8Gg=
23,54,5MWrPgbg4uJaaP1xX4pTxxg1jZ8=,GGdeELp7i6KbZVTtgrJq3lqkiRU=
31,51,5MWrPgbg4uJaaP1xX4pTxxg1jZ8=,jg9hQcEClY4UjInRO+9AmcZb8Gg=
29,49,5MWrPgbg4uJaaP1xX4pTxxg1jZ8=,jg9hQcEClY4UjInRO+9AmcZb8Gg=
26,49,5MWrPgbg4uJaaP1xX4pTxxg1jZ8=,jg9hQcEClY4UjInRO+9AmcZb8Gg=
28,49,5MWrPgbg4uJaaP1xX4pTxxg1jZ8=,jg9hQcEClY4UjInRO+9AmcZb8Gg=
24,49,5MWrPgbg4uJaaP1xX4pTxxg1jZ8=,jg9hQcEClY4UjInRO+9AmcZb8Gg=
25,49,5MWrPgbg4uJaaP1xX4pTxxg1jZ8=,jg9hQcEClY4UjInRO+9AmcZb8Gg=
31,48,5MWrPgbg4uJaaP1xX4pTxxg1jZ8=,jg9hQcEClY4UjInRO+9AmcZb8Gg=
31,50,5MWrPgbg4uJaaP1xX4pTxxg1jZ8=,jg9hQcEClY4UjInRO+9AmcZb8Gg=
31,49,5MWrPgbg4uJaaP1xX4pTxxg1jZ8=,jg9hQcEClY4UjInRO+9AmcZb8Gg=
29,48,5MWrPgbg4uJaaP1xX4pTxxg1jZ8=,jg9hQcEClY4UjInRO+9AmcZb8Gg=
27,49,5MWrPgbg4uJaaP1xX4pTxxg1jZ8=,jg9hQcEClY4UjInRO+9AmcZb8Gg=
23,53,5MWrPgbg4uJaaP1xX4pTxxg1jZ8=,GGdeELp7i6KbZVTtgrJq3lqkiRU=
28,48,5MWrPgbg4uJaaP1xX4pTxxg1jZ8=,jg9hQcEClY4UjInRO+9AmcZb8Gg=
24,48,5MWrPgbg4uJaaP1xX4pTxxg1jZ8=,jg9hQcEClY4UjInRO+9AmcZb8Gg=
31,55,5MWrPgbg4uJaaP1xX4pTxxg1jZ8=,jg9hQcEClY4UjInRO+9AmcZb8Gg=
30,55,5MWrPgbg4uJaaP1xX4pTxxg1jZ8=,jg9hQcEClY4UjInRO+9AmcZb8Gg=
29,55,5MWrPgbg4uJaaP1xX4pTxxg1jZ8=,jg9hQcEClY4UjInRO+9AmcZb8Gg=
23,55,5MWrPgbg4uJaaP1xX4pTxxg1jZ8=,GGdeELp7i6KbZVTtgrJq3lqkiRU=
23,48,5MWrPgbg4uJaaP1xX4pTxxg1jZ8=,GGdeELp7i6KbZVTtgrJq3lqkiRU=
30,48,5MWrPgbg4uJaaP1xX4pTxxg1jZ8=,jg9hQcEClY4UjInRO+9AmcZb8Gg=
27,48,5MWrPgbg4uJaaP1xX4pTxxg1jZ8=,jg9hQcEClY4UjInRO+9AmcZb8Gg=
26,48,5MWrPgbg4uJaaP1xX4pTxxg1jZ8=,jg9hQcEClY4UjInRO+9AmcZb8Gg=
25,48,5MWrPgbg4uJaaP1xX4pTxxg1jZ8=,jg9hQcEClY4UjInRO+9AmcZb8Gg=
28,35,5MWrPgbg4uJaaP1xX4pTxxg1jZ8=,+lwnUi2JrSWmx/AGyLezSbElJgY=
29,35,5MWrPgbg4uJaaP1xX4pTxxg1jZ8=,+lwnUi2JrSWmx/AGyLezSbElJgY=
30,35,5MWrPgbg4uJaaP1xX4pTxxg1jZ8=,+lwnUi2JrSWmx/AGyLezSbElJgY=
27,35,5MWrPgbg4uJaaP1xX4pTxxg1jZ8=,+lwnUi2JrSWmx/AGyLezSbElJgY=
25,36,5MWrPgbg4uJaaP1xX4pTxxg1jZ8=,+lwnUi2JrSWmx/AGyLezSbElJgY=
26,35,5MWrPgbg4uJaaP1xX4pTxxg1jZ8=,+lwnUi2JrSWmx/AGyLezSbElJgY=
25,35,5MWrPgbg4uJaaP1xX4pTxxg1jZ8=,+lwnUi2JrSWmx/AGyLezSbElJgY=
30,34,5MWrPgbg4uJaaP1xX4pTxxg1jZ8=,+lwnUi2JrSWmx/AGyLezSbElJgY=
29,34,5MWrPgbg4uJaaP1xX4pTxxg1jZ8=,+lwnUi2JrSWmx/AGyLezSbElJgY=
28,34,5MWrPgbg4uJaaP1xX4pTxxg1jZ8=,+lwnUi2JrSWmx/AGyLezSbElJgY=
27,34,5MWrPgbg4uJaaP1xX4pTxxg1jZ8=,+lwnUi2JrSWmx/AGyLezSbElJgY=
26,34,5MWrPgbg4uJaaP1xX4pTxxg1jZ8=,+lwnUi2JrSWmx/AGyLezSbElJgY=
25,34,5MWrPgbg4uJaaP1xX4pTxxg1jZ8=,+lwnUi2JrSWmx/AGyLezSbElJgY=
30,33,5MWrPgbg4uJaaP1xX4pTxxg1jZ8=,+lwnUi2JrSWmx/AGyLezSbElJgY=
29,33,5MWrPgbg4uJaaP1xX4pTxxg1jZ8=,+lwnUi2JrSWmx/AGyLezSbElJgY=
28,33,5MWrPgbg4uJaaP1xX4pTxxg1jZ8=,+lwnUi2JrSWmx/AGyLezSbElJgY=
27,33,5MWrPgbg4uJaaP1xX4pTxxg1jZ8=,+lwnUi2JrSWmx/AGyLezSbElJgY=
26,33,5MWrPgbg4uJaaP1xX4pTxxg1jZ8=,+lwnUi2JrSWmx/AGyLezSbElJgY=
30,38,5MWrPgbg4uJaaP1xX4pTxxg1jZ8=,+lwnUi2JrSWmx/AGyLezSbElJgY=
29,38,5MWrPgbg4uJaaP1xX4pTxxg1jZ8=,+lwnUi2JrSWmx/AGyLezSbElJgY=
28,38,5MWrPgbg4uJaaP1xX4pTxxg1jZ8=,+lwnUi2JrSWmx/AGyLezSbElJgY=
27,38,5MWrPgbg4uJaaP1xX4pTxxg1jZ8=,+lwnUi2JrSWmx/AGyLezSbElJgY=
26,38,5MWrPgbg4uJaaP1xX4pTxxg1jZ8=,+lwnUi2JrSWmx/AGyLezSbElJgY=
25,38,5MWrPgbg4uJaaP1xX4pTxxg1jZ8=,+lwnUi2JrSWmx/AGyLezSbElJgY=
30,37,5MWrPgbg4uJaaP1xX4pTxxg1jZ8=,+lwnUi2JrSWmx/AGyLezSbElJgY=
29,37,5MWrPgbg4uJaaP1xX4pTxxg1jZ8=,+lwnUi2JrSWmx/AGyLezSbElJgY=
28,37,5MWrPgbg4uJaaP1xX4pTxxg1jZ8=,+lwnUi2JrSWmx/AGyLezSbElJgY=
27,37,5MWrPgbg4uJaaP1xX4pTxxg1jZ8=,+lwnUi2JrSWmx/AGyLezSbElJgY=
26,37,5MWrPgbg4uJaaP1xX4pTxxg1jZ8=,+lwnUi2JrSWmx/AGyLezSbElJgY=
25,37,5MWrPgbg4uJaaP1xX4pTxxg1jZ8=,+lwnUi2JrSWmx/AGyLezSbElJgY=
30,36,5MWrPgbg4uJaaP1xX4pTxxg1jZ8=,+lwnUi2JrSWmx/AGyLezSbElJgY=
29,36,5MWrPgbg4uJaaP1xX4pTxxg1jZ8=,+lwnUi2JrSWmx/AGyLezSbElJgY=
28,36,5MWrPgbg4uJaaP1xX4pTxxg1jZ8=,+lwnUi2JrSWmx/AGyLezSbElJgY=
27,36,5MWrPgbg4uJaaP1xX4pTxxg1jZ8=,+lwnUi2JrSWmx/AGyLezSbElJgY=
26,36,5MWrPgbg4uJaaP1xX4pTxxg1jZ8=,+lwnUi2JrSWmx/AGyLezSbElJgY=
31,35,5MWrPgbg4uJaaP1xX4pTxxg1jZ8=,+lwnUi2JrSWmx/AGyLezSbElJgY=
31,36,5MWrPgbg4uJaaP1xX4pTxxg1jZ8=,+lwnUi2JrSWmx/AGyLezSbElJgY=
31,37,5MWrPgbg4uJaaP1xX4pTxxg1jZ8=,+lwnUi2JrSWmx/AGyLezSbElJgY=
31,38,5MWrPgbg4uJaaP1xX4pTxxg1jZ8=,+lwnUi2JrSWmx/AGyLezSbElJgY=
31,33,5MWrPgbg4uJaaP1xX4pTxxg1jZ8=,+lwnUi2JrSWmx/AGyLezSbElJgY=
31,34,5MWrPgbg4uJaaP1xX4pTxxg1jZ8=,+lwnUi2JrSWmx/AGyLezSbElJgY=
25,33,5MWrPgbg4uJaaP1xX4pTxxg1jZ8=,+lwnUi2JrSWmx/AGyLezSbElJgY=
25,32,5MWrPgbg4uJaaP1xX4pTxxg1jZ8=,+lwnUi2JrSWmx/AGyLezSbElJgY=
30,32,5MWrPgbg4uJaaP1xX4pTxxg1jZ8=,+lwnUi2JrSWmx/AGyLezSbElJgY=
29,32,5MWrPgbg4uJaaP1xX4pTxxg1jZ8=,+lwnUi2JrSWmx/AGyLezSbElJgY=
28,32,5MWrPgbg4uJaaP1xX4pTxxg1jZ8=,+lwnUi2JrSWmx/AGyLezSbElJgY=
27,32,5MWrPgbg4uJaaP1xX4pTxxg1jZ8=,+lwnUi2JrSWmx/AGyLezSbElJgY=
26,32,5MWrPgbg4uJaaP1xX4pTxxg1jZ8=,+lwnUi2JrSWmx/AGyLezSbElJgY=
31,32,5MWrPgbg4uJaaP1xX4pTxxg1jZ8=,+lwnUi2JrSWmx/AGyLezSbElJgY=
20,43,5MWrPgbg4uJaaP1xX4pTxxg1jZ8=,vtSvEXZ2i/o/lHGSX0VevEptklo=
22,47,5MWrPgbg4uJaaP1xX4pTxxg1jZ8=,vtSvEXZ2i/o/lHGSX0VevEptklo=
21,47,5MWrPgbg4uJaaP1xX4pTxxg1jZ8=,vtSvEXZ2i/o/lHGSX0VevEptklo=
20,47,5MWrPgbg4uJaaP1xX4pTxxg1jZ8=,vtSvEXZ2i/o/lHGSX0VevEptklo=
19,47,5MWrPgbg4uJaaP1xX4pTxxg1jZ8=,vtSvEXZ2i/o/lHGSX0VevEptklo=
19,43,5MWrPgbg4uJaaP1xX4pTxxg1jZ8=,vtSvEXZ2i/o/lHGSX0VevEptklo=
18,43,5MWrPgbg4uJaaP1xX4pTxxg1jZ8=,vtSvEXZ2i/o/lHGSX0VevEptklo=
17,43,5MWrPgbg4uJaaP1xX4pTxxg1jZ8=,vtSvEXZ2i/o/lHGSX0VevEptklo=
16,43,5MWrPgbg4uJaaP1xX4pTxxg1jZ8=,vtSvEXZ2i/o/lHGSX0VevEptklo=
18,47,5MWrPgbg4uJaaP1xX4pTxxg1jZ8=,vtSvEXZ2i/o/lHGSX0VevEptklo=
22,42,5MWrPgbg4uJaaP1xX4pTxxg1jZ8=,vtSvEXZ2i/o/lHGSX0VevEptklo=
21,42,5MWrPgbg4uJaaP1xX4pTxxg1jZ8=,vtSvEXZ2i/o/lHGSX0VevEptklo=
17,47,5MWrPgbg4uJaaP1xX4pTxxg1jZ8=,vtSvEXZ2i/o/lHGSX0VevEptklo=
20,42,5MWrPgbg4uJaaP1xX4pTxxg1jZ8=,vtSvEXZ2i/o/lHGSX0VevEptklo=
19,42,5MWrPgbg4uJaaP1xX4pTxxg1jZ8=,vtSvEXZ2i/o/lHGSX0VevEptklo=
18,42,5MWrPgbg4uJaaP1xX4pTxxg1jZ8=,vtSvEXZ2i/o/lHGSX0VevEptklo=
17,42,5MWrPgbg4uJaaP1xX4pTxxg1jZ8=,vtSvEXZ2i/o/lHGSX0VevEptklo=
16,47,5MWrPgbg4uJaaP1xX4pTxxg1jZ8=,vtSvEXZ2i/o/lHGSX0VevEptklo=
16,42,5MWrPgbg4uJaaP1xX4pTxxg1jZ8=,vtSvEXZ2i/o/lHGSX0VevEptklo=
22,41,5MWrPgbg4uJaaP1xX4pTxxg1jZ8=,vtSvEXZ2i/o/lHGSX0VevEptklo=
21,41,5MWrPgbg4uJaaP1xX4pTxxg1jZ8=,vtSvEXZ2i/o/lHGSX0VevEptklo=
20,41,5MWrPgbg4uJaaP1xX4pTxxg1jZ8=,vtSvEXZ2i/o/lHGSX0VevEptklo=
19,41,5MWrPgbg4uJaaP1xX4pTxxg1jZ8=,vtSvEXZ2i/o/lHGSX0VevEptklo=
22,46,5MWrPgbg4uJaaP1xX4pTxxg1jZ8=,vtSvEXZ2i/o/lHGSX0VevEptklo=
18,41,5MWrPgbg4uJaaP1xX4pTxxg1jZ8=,vtSvEXZ2i/o/lHGSX0VevEptklo=
17,41,5MWrPgbg4uJaaP1xX4pTxxg1jZ8=,vtSvEXZ2i/o/lHGSX0VevEptklo=
16,41,5MWrPgbg4uJaaP1xX4pTxxg1jZ8=,vtSvEXZ2i/o/lHGSX0VevEptklo=
21,46,5MWrPgbg4uJaaP1xX4pTxxg1jZ8=,vtSvEXZ2i/o/lHGSX0VevEptklo=
20,46,5MWrPgbg4uJaaP1xX4pTxxg1jZ8=,vtSvEXZ2i/o/lHGSX0VevEptklo=
19,46,5MWrPgbg4uJaaP1xX4pTxxg1jZ8=,vtSvEXZ2i/o/lHGSX0VevEptklo=
18,46,5MWrPgbg4uJaaP1xX4pTxxg1jZ8=,vtSvEXZ2i/o/lHGSX0VevEptklo=
17,46,5MWrPgbg4uJaaP1xX4pTxxg1jZ8=,vtSvEXZ2i/o/lHGSX0VevEptklo=
16,46,5MWrPgbg4uJaaP1xX4pTxxg1jZ8=,vtSvEXZ2i/o/lHGSX0VevEptklo=
22,45,5MWrPgbg4uJaaP1xX4pTxxg1jZ8=,vtSvEXZ2i/o/lHGSX0VevEptklo=
21,45,5MWrPgbg4uJaaP1xX4pTxxg1jZ8=,vtSvEXZ2i/o/lHGSX0VevEptklo=
20,45,5MWrPgbg4uJaaP1xX4pTxxg1jZ8=,vtSvEXZ2i/o/lHGSX0VevEptklo=
19,45,5MWrPgbg4uJaaP1xX4pTxxg1jZ8=,vtSvEXZ2i/o/lHGSX0VevEptklo=
18,45,5MWrPgbg4uJaaP1xX4pTxxg1jZ8=,vtSvEXZ2i/o/lHGSX0VevEptklo=
17,45,5MWrPgbg4uJaaP1xX4pTxxg1jZ8=,vtSvEXZ2i/o/lHGSX0VevEptklo=
16,45,5MWrPgbg4uJaaP1xX4pTxxg1jZ8=,vtSvEXZ2i/o/lHGSX0VevEptklo=
22,44,5MWrPgbg4uJaaP1xX4pTxxg1jZ8=,vtSvEXZ2i/o/lHGSX0VevEptklo=
21,44,5MWrPgbg4uJaaP1xX4pTxxg1jZ8=,vtSvEXZ2i/o/lHGSX0VevEptklo=
20,44,5MWrPgbg4uJaaP1xX4pTxxg1jZ8=,vtSvEXZ2i/o/lHGSX0VevEptklo=
19,44,5MWrPgbg4uJaaP1xX4pTxxg1jZ8=,vtSvEXZ2i/o/lHGSX0VevEptklo=
18,44,5MWrPgbg4uJaaP1xX4pTxxg1jZ8=,vtSvEXZ2i/o/lHGSX0VevEptklo=
17,44,5MWrPgbg4uJaaP1xX4pTxxg1jZ8=,vtSvEXZ2i/o/lHGSX0VevEptklo=
16,44,5MWrPgbg4uJaaP1xX4pTxxg1jZ8=,vtSvEXZ2i/o/lHGSX0VevEptklo=
21,43,5MWrPgbg4uJaaP1xX4pTxxg1jZ8=,vtSvEXZ2i/o/lHGSX0VevEptklo=
22,43,5MWrPgbg4uJaaP1xX4pTxxg1jZ8=,vtSvEXZ2i/o/lHGSX0VevEptklo=
22,35,5MWrPgbg4uJaaP1xX4pTxxg1jZ8=,DgAh375BVixcqf19aVky5AlVYB8=
20,32,5MWrPgbg4uJaaP1xX4pTxxg1jZ8=,DgAh375BVixcqf19aVky5AlVYB8=
22,36,5MWrPgbg4uJaaP1xX4pTxxg1jZ8=,DgAh375BVixcqf19aVky5AlVYB8=
23,35,5MWrPgbg4uJaaP1xX4pTxxg1jZ8=,DgAh375BVixcqf19aVky5AlVYB8=
16,36,5MWrPgbg4uJaaP1xX4pTxxg1jZ8=,DgAh375BVixcqf19aVky5AlVYB8=
24,36,5MWrPgbg4uJaaP1xX4pTxxg1jZ8=,+lwnUi2JrSWmx/AGyLezSbElJgY=
17,36,5MWrPgbg4uJaaP1xX4pTxxg1jZ8=,DgAh375BVixcqf19aVky5AlVYB8=
23,36,5MWrPgbg4uJaaP1xX4pTxxg1jZ8=,DgAh375BVixcqf19aVky5AlVYB8=
16,37,5MWrPgbg4uJaaP1xX4pTxxg1jZ8=,DgAh375BVixcqf19aVky5AlVYB8=
16,32,5MWrPgbg4uJaaP1xX4pTxxg1jZ8=,DgAh375BVixcqf19aVky5AlVYB8=
16,34,5MWrPgbg4uJaaP1xX4pTxxg1jZ8=,DgAh375BVixcqf19aVky5AlVYB8=
17,34,5MWrPgbg4uJaaP1xX4pTxxg1jZ8=,DgAh375BVixcqf19aVky5AlVYB8=
18,34,5MWrPgbg4uJaaP1xX4pTxxg1jZ8=,DgAh375BVixcqf19aVky5AlVYB8=
19,34,5MWrPgbg4uJaaP1xX4pTxxg1jZ8=,DgAh375BVixcqf19aVky5AlVYB8=
20,37,5MWrPgbg4uJaaP1xX4pTxxg1jZ8=,DgAh375BVixcqf19aVky5AlVYB8=
20,34,5MWrPgbg4uJaaP1xX4pTxxg1jZ8=,DgAh375BVixcqf19aVky5AlVYB8=
21,34,5MWrPgbg4uJaaP1xX4pTxxg1jZ8=,DgAh375BVixcqf19aVky5AlVYB8=
22,34,5MWrPgbg4uJaaP1xX4pTxxg1jZ8=,DgAh375BVixcqf19aVky5AlVYB8=
17,32,5MWrPgbg4uJaaP1xX4pTxxg1jZ8=,DgAh375BVixcqf19aVky5AlVYB8=
21,37,5MWrPgbg4uJaaP1xX4pTxxg1jZ8=,DgAh375BVixcqf19aVky5AlVYB8=
21,32,5MWrPgbg4uJaaP1xX4pTxxg1jZ8=,DgAh375BVixcqf19aVky5AlVYB8=
22,37,5MWrPgbg4uJaaP1xX4pTxxg1jZ8=,DgAh375BVixcqf19aVky5AlVYB8=
23,37,5MWrPgbg4uJaaP1xX4pTxxg1jZ8=,DgAh375BVixcqf19aVky5AlVYB8=
16,38,5MWrPgbg4uJaaP1xX4pTxxg1jZ8=,DgAh375BVixcqf19aVky5AlVYB8=
17,38,5MWrPgbg4uJaaP1xX4pTxxg1jZ8=,DgAh375BVixcqf19aVky5AlVYB8=
18,38,5MWrPgbg4uJaaP1xX4pTxxg1jZ8=,DgAh375BVixcqf19aVky5AlVYB8=
19,38,5MWrPgbg4uJaaP1xX4pTxxg1jZ8=,DgAh375BVixcqf19aVky5AlVYB8=
20,38,5MWrPgbg4uJaaP1xX4pTxxg1jZ8=,DgAh375BVixcqf19aVky5AlVYB8=
18,33,5MWrPgbg4uJaaP1xX4pTxxg1jZ8=,DgAh375BVixcqf19aVky5AlVYB8=
21,38,5MWrPgbg4uJaaP1xX4pTxxg1jZ8=,DgAh375BVixcqf19aVky5AlVYB8=
22,38,5MWrPgbg4uJaaP1xX4pTxxg1jZ8=,DgAh375BVixcqf19aVky5AlVYB8=
23,38,5MWrPgbg4uJaaP1xX4pTxxg1jZ8=,DgAh375BVixcqf19aVky5AlVYB8=
22,32,5MWrPgbg4uJaaP1xX4pTxxg1jZ8=,DgAh375BVixcqf19aVky5AlVYB8=
16,39,5MWrPgbg4uJaaP1xX4pTxxg1jZ8=,DgAh375BVixcqf19aVky5AlVYB8=
17,39,5MWrPgbg4uJaaP1xX4pTxxg1jZ8=,DgAh375BVixcqf19aVky5AlVYB8=
18,39,5MWrPgbg4uJaaP1xX4pTxxg1jZ8=,DgAh375BVixcqf19aVky5AlVYB8=
16,35,5MWrPgbg4uJaaP1xX4pTxxg1jZ8=,DgAh375BVixcqf19aVky5AlVYB8=
19,39,5MWrPgbg4uJaaP1xX4pTxxg1jZ8=,DgAh375BVixcqf19aVky5AlVYB8=
17,35,5MWrPgbg4uJaaP1xX4pTxxg1jZ8=,DgAh375BVixcqf19aVky5AlVYB8=
20,39,5MWrPgbg4uJaaP1xX4pTxxg1jZ8=,DgAh375BVixcqf19aVky5AlVYB8=
19,33,5MWrPgbg4uJaaP1xX4pTxxg1jZ8=,DgAh375BVixcqf19aVky5AlVYB8=
24,37,5MWrPgbg4uJaaP1xX4pTxxg1jZ8=,+lwnUi2JrSWmx/AGyLezSbElJgY=
21,39,5MWrPgbg4uJaaP1xX4pTxxg1jZ8=,DgAh375BVixcqf19aVky5AlVYB8=
22,39,5MWrPgbg4uJaaP1xX4pTxxg1jZ8=,DgAh375BVixcqf19aVky5AlVYB8=
18,35,5MWrPgbg4uJaaP1xX4pTxxg1jZ8=,DgAh375BVixcqf19aVky5AlVYB8=
19,35,5MWrPgbg4uJaaP1xX4pTxxg1jZ8=,DgAh375BVixcqf19aVky5AlVYB8=
23,34,5MWrPgbg4uJaaP1xX4pTxxg1jZ8=,DgAh375BVixcqf19aVky5AlVYB8=
23,32,5MWrPgbg4uJaaP1xX4pTxxg1jZ8=,DgAh375BVixcqf19aVky5AlVYB8=
16,40,5MWrPgbg4uJaaP1xX4pTxxg1jZ8=,vtSvEXZ2i/o/lHGSX0VevEptklo=
17,40,5MWrPgbg4uJaaP1xX4pTxxg1jZ8=,vtSvEXZ2i/o/lHGSX0VevEptklo=
18,40,5MWrPgbg4uJaaP1xX4pTxxg1jZ8=,vtSvEXZ2i/o/lHGSX0VevEptklo=
18,32,5MWrPgbg4uJaaP1xX4pTxxg1jZ8=,DgAh375BVixcqf19aVky5AlVYB8=
19,40,5MWrPgbg4uJaaP1xX4pTxxg1jZ8=,vtSvEXZ2i/o/lHGSX0VevEptklo=
20,40,5MWrPgbg4uJaaP1xX4pTxxg1jZ8=,vtSvEXZ2i/o/lHGSX0VevEptklo=
20,33,5MWrPgbg4uJaaP1xX4pTxxg1jZ8=,DgAh375BVixcqf19aVky5AlVYB8=
16,33,5MWrPgbg4uJaaP1xX4pTxxg1jZ8=,DgAh375BVixcqf19aVky5AlVYB8=
24,32,5MWrPgbg4uJaaP1xX4pTxxg1jZ8=,+lwnUi2JrSWmx/AGyLezSbElJgY=
21,40,5MWrPgbg4uJaaP1xX4pTxxg1jZ8=,vtSvEXZ2i/o/lHGSX0VevEptklo=
22,40,5MWrPgbg4uJaaP1xX4pTxxg1jZ8=,vtSvEXZ2i/o/lHGSX0VevEptklo=
24,38,5MWrPgbg4uJaaP1xX4pTxxg1jZ8=,+lwnUi2JrSWmx/AGyLezSbElJgY=
17,33,5MWrPgbg4uJaaP1xX4pTxxg1jZ8=,DgAh375BVixcqf19aVky5AlVYB8=
21,33,5MWrPgbg4uJaaP1xX4pTxxg1jZ8=,DgAh375BVixcqf19aVky5AlVYB8=
19,32,5MWrPgbg4uJaaP1xX4pTxxg1jZ8=,DgAh375BVixcqf19aVky5AlVYB8=
18,36,5MWrPgbg4uJaaP1xX4pTxxg1jZ8=,DgAh375BVixcqf19aVky5AlVYB8=
19,37,5MWrPgbg4uJaaP1xX4pTxxg1jZ8=,DgAh375BVixcqf19aVky5AlVYB8=
24,35,5MWrPgbg4uJaaP1xX4pTxxg1jZ8=,+lwnUi2JrSWmx/AGyLezSbElJgY=
24,33,5MWrPgbg4uJaaP1xX4pTxxg1jZ8=,+lwnUi2JrSWmx/AGyLezSbElJgY=
24,34,5MWrPgbg4uJaaP1xX4pTxxg1jZ8=,+lwnUi2JrSWmx/AGyLezSbElJgY=
22,33,5MWrPgbg4uJaaP1xX4pTxxg1jZ8=,DgAh375BVixcqf19aVky5AlVYB8=
19,36,5MWrPgbg4uJaaP1xX4pTxxg1jZ8=,DgAh375BVixcqf19aVky5AlVYB8=
23,33,5MWrPgbg4uJaaP1xX4pTxxg1jZ8=,DgAh375BVixcqf19aVky5AlVYB8=
20,36,5MWrPgbg4uJaaP1xX4pTxxg1jZ8=,DgAh375BVixcqf19aVky5AlVYB8=
17,37,5MWrPgbg4uJaaP1xX4pTxxg1jZ8=,DgAh375BVixcqf19aVky5AlVYB8=
18,37,5MWrPgbg4uJaaP1xX4pTxxg1jZ8=,DgAh375BVixcqf19aVky5AlVYB8=
20,35,5MWrPgbg4uJaaP1xX4pTxxg1jZ8=,DgAh375BVixcqf19aVky5AlVYB8=
21,35,5MWrPgbg4uJaaP1xX4pTxxg1jZ8=,DgAh375BVixcqf19aVky5AlVYB8=
21,36,5MWrPgbg4uJaaP1xX4pTxxg1jZ8=,DgAh375BVixcqf19aVky5AlVYB8=
31,39,5MWrPgbg4uJaaP1xX4pTxxg1jZ8=,+lwnUi2JrSWmx/AGyLezSbElJgY=
30,39,5MWrPgbg4uJaaP1xX4pTxxg1jZ8=,+lwnUi2JrSWmx/AGyLezSbElJgY=
23,47,5MWrPgbg4uJaaP1xX4pTxxg1jZ8=,vtSvEXZ2i/o/lHGSX0VevEptklo=
29,39,5MWrPgbg4uJaaP1xX4pTxxg1jZ8=,+lwnUi2JrSWmx/AGyLezSbElJgY=
31,44,5MWrPgbg4uJaaP1xX4pTxxg1jZ8=,hrM7/YlJVycVgHVRnG7KWpbB1B0=
28,39,5MWrPgbg4uJaaP1xX4pTxxg1jZ8=,+lwnUi2JrSWmx/AGyLezSbElJgY=
30,44,5MWrPgbg4uJaaP1xX4pTxxg1jZ8=,hrM7/YlJVycVgHVRnG7KWpbB1B0=
29,44,5MWrPgbg4uJaaP1xX4pTxxg1jZ8=,hrM7/YlJVycVgHVRnG7KWpbB1B0=
27,39,5MWrPgbg4uJaaP1xX4pTxxg1jZ8=,+lwnUi2JrSWmx/AGyLezSbElJgY=
29,45,5MWrPgbg4uJaaP1xX4pTxxg1jZ8=,hrM7/YlJVycVgHVRnG7KWpbB1B0=
24,45,5MWrPgbg4uJaaP1xX4pTxxg1jZ8=,hrM7/YlJVycVgHVRnG7KWpbB1B0=
28,45,5MWrPgbg4uJaaP1xX4pTxxg1jZ8=,hrM7/YlJVycVgHVRnG7KWpbB1B0=
27,45,5MWrPgbg4uJaaP1xX4pTxxg1jZ8=,hrM7/YlJVycVgHVRnG7KWpbB1B0=
28,44,5MWrPgbg4uJaaP1xX4pTxxg1jZ8=,hrM7/YlJVycVgHVRnG7KWpbB1B0=
26,45,5MWrPgbg4uJaaP1xX4pTxxg1jZ8=,hrM7/YlJVycVgHVRnG7KWpbB1B0=
26,39,5MWrPgbg4uJaaP1xX4pTxxg1jZ8=,+lwnUi2JrSWmx/AGyLezSbElJgY=
24,44,5MWrPgbg4uJaaP1xX4pTxxg1jZ8=,hrM7/YlJVycVgHVRnG7KWpbB1B0=
30,43,5MWrPgbg4uJaaP1xX4pTxxg1jZ8=,hrM7/YlJVycVgHVRnG7KWpbB1B0=
31,43,5MWrPgbg4uJaaP1xX4pTxxg1jZ8=,hrM7/YlJVycVgHVRnG7KWpbB1B0=
29,43,5MWrPgbg4uJaaP1xX4pTxxg1jZ8=,hrM7/YlJVycVgHVRnG7KWpbB1B0=
30,45,5MWrPgbg4uJaaP1xX4pTxxg1jZ8=,hrM7/YlJVycVgHVRnG7KWpbB1B0=
23,43,5MWrPgbg4uJaaP1xX4pTxxg1jZ8=,vtSvEXZ2i/o/lHGSX0VevEptklo=
23,42,5MWrPgbg4uJaaP1xX4pTxxg1jZ8=,vtSvEXZ2i/o/lHGSX0VevEptklo=
25,39,5MWrPgbg4uJaaP1xX4pTxxg1jZ8=,+lwnUi2JrSWmx/AGyLezSbElJgY=
24,40,5MWrPgbg4uJaaP1xX4pTxxg1jZ8=,hrM7/YlJVycVgHVRnG7KWpbB1B0=
25,44,5MWrPgbg4uJaaP1xX4pTxxg1jZ8=,hrM7/YlJVycVgHVRnG7KWpbB1B0=
24,39,5MWrPgbg4uJaaP1xX4pTxxg1jZ8=,+lwnUi2JrSWmx/AGyLezSbElJgY=
27,44,5MWrPgbg4uJaaP1xX4pTxxg1jZ8=,hrM7/YlJVycVgHVRnG7KWpbB1B0=
25,40,5MWrPgbg4uJaaP1xX4pTxxg1jZ8=,hrM7/YlJVycVgHVRnG7KWpbB1B0=
26,40,5MWrPgbg4uJaaP1xX4pTxxg1jZ8=,hrM7/YlJVycVgHVRnG7KWpbB1B0=
27,40,5MWrPgbg4uJaaP1xX4pTxxg1jZ8=,hrM7/YlJVycVgHVRnG7KWpbB1B0=
29,40,5MWrPgbg4uJaaP1xX4pTxxg1jZ8=,hrM7/YlJVycVgHVRnG7KWpbB1B0=
31,45,5MWrPgbg4uJaaP1xX4pTxxg1jZ8=,hrM7/YlJVycVgHVRnG7KWpbB1B0=
28,40,5MWrPgbg4uJaaP1xX4pTxxg1jZ8=,hrM7/YlJVycVgHVRnG7KWpbB1B0=
28,43,5MWrPgbg4uJaaP1xX4pTxxg1jZ8=,hrM7/YlJVycVgHVRnG7KWpbB1B0=
25,45,5MWrPgbg4uJaaP1xX4pTxxg1jZ8=,hrM7/YlJVycVgHVRnG7KWpbB1B0=
25,43,5MWrPgbg4uJaaP1xX4pTxxg1jZ8=,hrM7/YlJVycVgHVRnG7KWpbB1B0=
23,41,5MWrPgbg4uJaaP1xX4pTxxg1jZ8=,vtSvEXZ2i/o/lHGSX0VevEptklo=
31,42,5MWrPgbg4uJaaP1xX4pTxxg1jZ8=,hrM7/YlJVycVgHVRnG7KWpbB1B0=
26,43,5MWrPgbg4uJaaP1xX4pTxxg1jZ8=,hrM7/YlJVycVgHVRnG7KWpbB1B0=
23,40,5MWrPgbg4uJaaP1xX4pTxxg1jZ8=,vtSvEXZ2i/o/lHGSX0VevEptklo=
30,42,5MWrPgbg4uJaaP1xX4pTxxg1jZ8=,hrM7/YlJVycVgHVRnG7KWpbB1B0=
29,42,5MWrPgbg4uJaaP1xX4pTxxg1jZ8=,hrM7/YlJVycVgHVRnG7KWpbB1B0=
28,42,5MWrPgbg4uJaaP1xX4pTxxg1jZ8=,hrM7/YlJVycVgHVRnG7KWpbB1B0=
26,44,5MWrPgbg4uJaaP1xX4pTxxg1jZ8=,hrM7/YlJVycVgHVRnG7KWpbB1B0=
23,46,5MWrPgbg4uJaaP1xX4pTxxg1jZ8=,vtSvEXZ2i/o/lHGSX0VevEptklo=
31,47,5MWrPgbg4uJaaP1xX4pTxxg1jZ8=,hrM7/YlJVycVgHVRnG7KWpbB1B0=
24,43,5MWrPgbg4uJaaP1xX4pTxxg1jZ8=,hrM7/YlJVycVgHVRnG7KWpbB1B0=
27,43,5MWrPgbg4uJaaP1xX4pTxxg1jZ8=,hrM7/YlJVycVgHVRnG7KWpbB1B0=
23,39,5MWrPgbg4uJaaP1xX4pTxxg1jZ8=,DgAh375BVixcqf19aVky5AlVYB8=
28,47,5MWrPgbg4uJaaP1xX4pTxxg1jZ8=,hrM7/YlJVycVgHVRnG7KWpbB1B0=
27,42,5MWrPgbg4uJaaP1xX4pTxxg1jZ8=,hrM7/YlJVycVgHVRnG7KWpbB1B0=
30,47,5MWrPgbg4uJaaP1xX4pTxxg1jZ8=,hrM7/YlJVycVgHVRnG7KWpbB1B0=
23,45,5MWrPgbg4uJaaP1xX4pTxxg1jZ8=,vtSvEXZ2i/o/lHGSX0VevEptklo=
24,46,5MWrPgbg4uJaaP1xX4pTxxg1jZ8=,hrM7/YlJVycVgHVRnG7KWpbB1B0=
26,42,5MWrPgbg4uJaaP1xX4pTxxg1jZ8=,hrM7/YlJVycVgHVRnG7KWpbB1B0=
23,44,5MWrPgbg4uJaaP1xX4pTxxg1jZ8=,vtSvEXZ2i/o/lHGSX0VevEptklo=
25,42,5MWrPgbg4uJaaP1xX4pTxxg1jZ8=,hrM7/YlJVycVgHVRnG7KWpbB1B0=
24,47,5MWrPgbg4uJaaP1xX4pTxxg1jZ8=,hrM7/YlJVycVgHVRnG7KWpbB1B0=
31,46,5MWrPgbg4uJaaP1xX4pTxxg1jZ8=,hrM7/YlJVycVgHVRnG7KWpbB1B0=
24,42,5MWrPgbg4uJaaP1xX4pTxxg1jZ8=,hrM7/YlJVycVgHVRnG7KWpbB1B0=
29,47,5MWrPgbg4uJaaP1xX4pTxxg1jZ8=,hrM7/YlJVycVgHVRnG7KWpbB1B0=
31,41,5MWrPgbg4uJaaP1xX4pTxxg1jZ8=,hrM7/YlJVycVgHVRnG7KWpbB1B0=
30,41,5MWrPgbg4uJaaP1xX4pTxxg1jZ8=,hrM7/YlJVycVgHVRnG7KWpbB1B0=
27,47,5MWrPgbg4uJaaP1xX4pTxxg1jZ8=,hrM7/YlJVycVgHVRnG7KWpbB1B0=
28,41,5MWrPgbg4uJaaP1xX4pTxxg1jZ8=,hrM7/YlJVycVgHVRnG7KWpbB1B0=
27,41,5MWrPgbg4uJaaP1xX4pTxxg1jZ8=,hrM7/YlJVycVgHVRnG7KWpbB1B0=
26,41,5MWrPgbg4uJaaP1xX4pTxxg1jZ8=,hrM7/YlJVycVgHVRnG7KWpbB1B0=
30,46,5MWrPgbg4uJaaP1xX4pTxxg1jZ8=,hrM7/YlJVycVgHVRnG7KWpbB1B0=
29,41,5MWrPgbg4uJaaP1xX4pTxxg1jZ8=,hrM7/YlJVycVgHVRnG7KWpbB1B0=
25,47,5MWrPgbg4uJaaP1xX4pTxxg1jZ8=,hrM7/YlJVycVgHVRnG7KWpbB1B0=
26,47,5MWrPgbg4uJaaP1xX4pTxxg1jZ8=,hrM7/YlJVycVgHVRnG7KWpbB1B0=
25,41,5MWrPgbg4uJaaP1xX4pTxxg1jZ8=,hrM7/YlJVycVgHVRnG7KWpbB1B0=
28,46,5MWrPgbg4uJaaP1xX4pTxxg1jZ8=,hrM7/YlJVycVgHVRnG7KWpbB1B0=
31,40,5MWrPgbg4uJaaP1xX4pTxxg1jZ8=,hrM7/YlJVycVgHVRnG7KWpbB1B0=
30,40,5MWrPgbg4uJaaP1xX4pTxxg1jZ8=,hrM7/YlJVycVgHVRnG7KWpbB1B0=
25,46,5MWrPgbg4uJaaP1xX4pTxxg1jZ8=,hrM7/YlJVycVgHVRnG7KWpbB1B0=
29,46,5MWrPgbg4uJaaP1xX4pTxxg1jZ8=,hrM7/YlJVycVgHVRnG7KWpbB1B0=
24,41,5MWrPgbg4uJaaP1xX4pTxxg1jZ8=,hrM7/YlJVycVgHVRnG7KWpbB1B0=
27,46,5MWrPgbg4uJaaP1xX4pTxxg1jZ8=,hrM7/YlJVycVgHVRnG7KWpbB1B0=
26,46,5MWrPgbg4uJaaP1xX4pTxxg1jZ8=,hrM7/YlJVycVgHVRnG7KWpbB1B0=
